,index,school_name,total_cohort,total_grads,percent_graduated
0,19,47 THE AMERICAN SIGN LANGUAGE AND ENGLISH SECONDAR,35.0,32.0,91.4
1,234,A PHILIP RANDOLPH CAMPUS HIGH SCHOOL,331.0,233.0,70.4
2,707,ABRAHAM LINCOLN HIGH SCHOOL,484.0,325.0,67.1
3,902,ACADEMY FOR CAREERS IN TELEVISION AND FILM,121.0,119.0,98.3
4,599,ACADEMY FOR COLLEGE PREPARATION AND CAREER EXPLORA,63.0,39.0,61.9
5,657,ACADEMY FOR CONSERVATION AND THE ENVIRONMENT,72.0,58.0,80.6
6,941,ACADEMY FOR ENVIRONMENTAL LEADERSHIP,96.0,65.0,67.7
7,633,ACADEMY FOR HEALTH CAREERS,81.0,64.0,79.0
8,344,ACADEMY FOR LANGUAGE AND TECHNOLOGY,76.0,73.0,96.1
9,428,ACADEMY FOR SCHOLARSHIP AND ENTREPRENEURSHIP,96.0,57.0,59.4
10,208,ACADEMY FOR SOCIAL ACTION,38.0,13.0,34.2
11,128,ACADEMY FOR SOFTWARE ENGINEERING,108.0,90.0,83.3
12,663,ACADEMY FOR YOUNG WRITERS,118.0,98.0,83.1
13,914,ACADEMY OF AMERICAN STUDIES,254.0,234.0,92.1
14,753,ACADEMY OF FINANCE AND ENTERPRISE,140.0,130.0,92.9
15,601,ACADEMY OF HOSPITALITY AND TOURISM,53.0,27.0,50.9
16,679,ACADEMY OF INNOVATIVE TECHNOLOGY,88.0,63.0,71.6
17,827,ACADEMY OF MEDICAL TECHNOLOGY: A COLLEGE BOARD SCH,91.0,66.0,72.5
18,507,ACORN COMMUNITY HIGH SCHOOL,71.0,54.0,76.1
19,272,ALFRED E SMITH CAREER AND TECHNICAL EDUCATION HIGH,79.0,60.0,75.9
20,949,ALL CITY LEADERSHIP SECONDARY SCHOOL,39.0,38.0,97.4
21,296,ANTONIA PANTOJA PREPARATORY ACADEMY: A COLLEGE BOA,55.0,34.0,61.8
22,294,ARCHIMEDES ACADEMY FOR MATH SCIENCE AND TECHNOLOGY,95.0,54.0,56.8
23,152,ART AND DESIGN HIGH SCHOOL,326.0,264.0,81.0
24,647,ARTS & MEDIA PREPARATORY ACADEMY,59.0,34.0,57.6
25,473,ARTURO A SCHOMBURG SATELLITE ACADEMY BRONX,83.0,12.0,14.5
26,745,ASPIRATIONS DIPLOMA PLUS HIGH SCHOOL,109.0,22.0,20.2
27,436,ASTOR COLLEGIATE ACADEMY,126.0,95.0,75.4
28,837,AUGUST MARTIN HIGH SCHOOL,123.0,74.0,60.2
29,547,AUTOMOTIVE HIGH SCHOOL,42.0,31.0,73.8
30,779,AVIATION CAREER & TECHNICAL EDUCATION HIGH SCHOOL,647.0,610.0,94.3
31,916,BACCALAUREATE SCHOOL FOR GLOBAL EDUCATION,87.0,87.0,100.0
32,17,BARD HIGH SCHOOL EARLY COLLEGE,113.0,107.0,94.7
33,761,BARD HIGH SCHOOL EARLY COLLEGE QUEENS,143.0,142.0,99.3
34,66,BARUCH COLLEGE CAMPUS HIGH SCHOOL,111.0,111.0,100.0
35,813,BAYSIDE HIGH SCHOOL,835.0,801.0,95.9
36,155,BEACON HIGH SCHOOL,283.0,282.0,99.6
37,515,BEDFORD ACADEMY HIGH SCHOOL,83.0,81.0,97.6
38,513,BEDFORD STUYVESANT PREPARATORY HIGH SCHOOL,54.0,6.0,11.1
39,396,BELMONT PREPARATORY HIGH SCHOOL,98.0,86.0,87.8
40,521,BENJAMIN BANNEKER ACADEMY,241.0,211.0,87.6
41,888,BENJAMIN FRANKLIN HIGH SCHOOL FOR FINANCE & INFORM,2.0,,
42,807,BENJAMIN N CARDOZO HIGH SCHOOL,865.0,762.0,88.1
43,585,BOYS AND GIRLS HIGH SCHOOL,122.0,75.0,61.5
44,374,BRONX ACADEMY FOR SOFTWARE ENGINEERING BASE,96.0,71.0,74.0
45,434,BRONX ACADEMY OF HEALTH CAREERS,104.0,78.0,75.0
46,454,BRONX AEROSPACE HIGH SCHOOL,88.0,57.0,64.8
47,310,BRONX ARENA HIGH SCHOOL,60.0,6.0,10.0
48,302,BRONX BRIDGES HIGH SCHOOL,73.0,34.0,46.6
49,477,BRONX CAREER AND COLLEGE PREPARATORY HIGH SCHOOL,86.0,34.0,39.5
50,328,BRONX CENTER FOR SCIENCE AND MATHEMATICS,112.0,99.0,88.4
51,384,BRONX COLLABORATIVE HIGH SCHOOL,105.0,24.0,22.9
52,318,BRONX COLLEGIATE ACADEMY,93.0,59.0,63.4
53,297,BRONX COMMUNITY HIGH SCHOOL,77.0,8.0,10.4
54,316,BRONX COMPASS HIGH SCHOOL,105.0,49.0,46.7
55,261,BRONX DESIGN AND CONSTRUCTION ACADEMY,134.0,68.0,50.7
56,336,BRONX EARLY COLLEGE ACADEMY FOR TEACHING & LEARNIN,79.0,61.0,77.2
57,366,BRONX ENGINEERING AND TECHNOLOGY ACADEMY,80.0,59.0,73.8
58,481,BRONX ENVISION ACADEMY,88.0,57.0,64.8
59,248,BRONX HAVEN HS,79.0,3.0,3.8
60,422,BRONX HEALTH SCIENCES HIGH SCHOOL,55.0,52.0,94.5
61,402,BRONX HIGH SCHOOL FOR LAW AND COMMUNITY SERVICE,102.0,86.0,84.3
62,352,BRONX HIGH SCHOOL FOR MEDICAL SCIENCE,66.0,59.0,89.4
63,438,BRONX HIGH SCHOOL FOR THE VISUAL ARTS,112.0,69.0,61.6
64,424,BRONX HIGH SCHOOL FOR WRITING AND COMMUNICATION AR,99.0,64.0,64.6
65,350,BRONX HIGH SCHOOL OF BUSINESS,54.0,31.0,57.4
66,408,BRONX HIGH SCHOOL OF SCIENCE,727.0,725.0,99.7
67,346,BRONX INTERNATIONAL HIGH SCHOOL,81.0,63.0,77.8
68,426,BRONX LAB SCHOOL,93.0,51.0,54.8
69,462,BRONX LATIN,71.0,68.0,95.8
70,358,BRONX LEADERSHIP ACADEMY HIGH SCHOOL,145.0,78.0,53.8
71,263,BRONX LEADERSHIP ACADEMY II HS,124.0,88.0,71.0
72,479,BRONX REGIONAL HIGH SCHOOL,65.0,5.0,7.7
73,292,BRONX RIVER HIGH SCHOOL,91.0,61.0,67.0
74,354,BRONX SCHOOL FOR LAW GOVERNMENT AND JUSTICE,119.0,95.0,79.8
75,378,BRONX SCHOOL OF LAW AND FINANCE,101.0,74.0,73.3
76,276,BRONX STUDIO SCHOOL FOR WRITERS AND ARTISTS,75.0,45.0,60.0
77,414,BRONX THEATRE HIGH SCHOOL,81.0,49.0,60.5
78,442,BRONXDALE HIGH SCHOOL,91.0,70.0,76.9
79,511,BROOKLYN ACADEMY HIGH SCHOOL,54.0,13.0,24.1
80,621,BROOKLYN ACADEMY OF SCIENCE AND THE ENVIRONMENT,97.0,66.0,68.0
81,645,BROOKLYN BRIDGE ACADEMY,62.0,13.0,21.0
82,731,BROOKLYN COLLEGE ACADEMY,145.0,141.0,97.2
83,737,BROOKLYN COLLEGIATE: A COLLEGE BOARD SCHOOL,79.0,47.0,59.5
84,497,BROOKLYN COMMUNITY ARTS & MEDIA HIGH SCHOOL BCAM,89.0,62.0,69.7
85,741,BROOKLYN DEMOCRACY ACADEMY,77.0,12.0,15.6
86,555,BROOKLYN FRONTIERS HIGH SCHOOL,42.0,17.0,40.5
87,637,BROOKLYN GENERATION SCHOOL,59.0,35.0,59.3
88,519,BROOKLYN HIGH SCHOOL FOR LEADERSHIP AND COMMUNITY,55.0,5.0,9.1
89,575,BROOKLYN HIGH SCHOOL OF THE ARTS,200.0,147.0,73.5
90,587,BROOKLYN HS FOR LAW AND TECHNOLOGY,163.0,110.0,67.5
91,631,BROOKLYN INSTITUTE FOR LIBERAL ARTS,85.0,78.0,91.8
92,503,BROOKLYN INTERNATIONAL HIGH SCHOOL,94.0,73.0,77.7
93,681,BROOKLYN LAB SCHOOL,92.0,49.0,53.3
94,529,BROOKLYN LATIN SCHOOL THE,173.0,171.0,98.8
95,539,BROOKLYN PREPARATORY HIGH SCHOOL,118.0,106.0,89.8
96,623,BROOKLYN SCHOOL FOR MUSIC & THEATRE,82.0,57.0,69.5
97,559,BROOKLYN SECONDARY SCHOOL FOR COLLABORATIVE STUDIE,88.0,80.0,90.9
98,721,BROOKLYN STUDIO SECONDARY SCHOOL,157.0,129.0,82.2
99,501,BROOKLYN TECHNICAL HIGH SCHOOL,1315.0,1256.0,95.5
100,639,BROOKLYN THEATRE ARTS HIGH SCHOOL,99.0,74.0,74.7
101,625,BROWNSVILLE ACADEMY HIGH SCHOOL,47.0,10.0,21.3
102,953,BUSHWICK COMMUNITY HIGH SCHOOL,86.0,20.0,23.3
103,951,BUSHWICK LEADERS HIGH SCHOOL FOR ACADEMIC EXCELLEN,73.0,54.0,74.0
104,54,BUSINESS OF SPORTS SCHOOL,96.0,75.0,78.1
105,890,CAMBRIA HEIGHTS ACADEMY,99.0,82.0,82.8
106,266,CAREERS IN SPORTS HIGH SCHOOL,134.0,91.0,67.9
107,15,CASCADES HIGH SCHOOL,110.0,26.0,23.6
108,406,CELIA CRUZ BRONX HIGH SCHOOL OF MUSIC THE,84.0,79.0,94.0
109,194,CENTRAL PARK EAST HIGH SCHOOL,112.0,109.0,97.3
110,821,CHANNEL VIEW SCHOOL FOR RESEARCH,112.0,102.0,91.1
111,150,CHELSEA CAREER AND TECHNICAL EDUCATION HIGH SCHOOL,99.0,71.0,71.7
112,218,CITY COLLEGE ACADEMY OF THE ARTS,79.0,75.0,94.9
113,523,CITY POLYTECHNIC HIGH SCHOOL OF ENGINEERING ARCHIT,109.0,90.0,82.6
114,757,CIVIC LEADERSHIP ACADEMY,116.0,109.0,94.0
115,629,CLARA BARTON HIGH SCHOOL,285.0,197.0,69.1
116,362,CLAREMONT INTERNATIONAL HS,95.0,53.0,55.8
117,188,COALITION SCHOOL FOR SOCIAL CHANGE,56.0,38.0,67.9
118,569,COBBLE HILL SCHOOL OF AMERICAN STUDIES,108.0,80.0,74.1
119,432,COLLEGIATE INSTITUTE FOR MATH AND SCIENCE,158.0,139.0,88.0
120,206,COLUMBIA SECONDARY SCHOOL,92.0,89.0,96.7
121,220,COMMUNITY HEALTH ACADEMY OF THE HEIGHTS,81.0,63.0,77.8
122,250,COMMUNITY SCHOOL FOR SOCIAL JUSTICE,72.0,42.0,58.3
123,338,COMPREHENSIVE MODEL SCHOOL PROJECT MS 327,112.0,93.0,83.0
124,856,CONCORD HIGH SCHOOL,72.0,10.0,13.9
125,467,CROTONA ACADEMY HIGH SCHOOL,2.0,,
126,412,CROTONA INTERNATIONAL HIGH SCHOOL,105.0,62.0,59.0
127,918,CSI HIGH SCHOOL FOR INTERNATIONAL STUDIES,127.0,126.0,99.2
128,651,CULTURAL ACADEMY FOR THE ARTS AND SCIENCES,88.0,61.0,69.3
129,928,CURTIS HIGH SCHOOL,606.0,433.0,71.5
130,683,CYPRESS HILLS COLLEGIATE PREPARATORY SCHOOL,63.0,43.0,68.3
131,404,DEWITT CLINTON HIGH SCHOOL,357.0,163.0,45.7
132,557,DIGITAL ARTS AND CINEMA TECHNOLOGY HIGH SCHOOL,34.0,24.0,70.6
133,416,DISCOVERY HIGH SCHOOL,107.0,79.0,73.8
134,493,DR SUSAN S MCKINNEY SECONDARY SCHOOL OF THE ARTS,66.0,42.0,63.6
135,340,DREAMYARD PREPARATORY SCHOOL,78.0,50.0,64.1
136,320,EAGLE ACADEMY FOR YOUNG MEN,73.0,46.0,63.0
137,743,EAGLE ACADEMY FOR YOUNG MEN II,72.0,47.0,65.3
138,892,EAGLE ACADEMY FOR YOUNG MEN III,54.0,50.0,92.6
139,464,EAST BRONX ACADEMY FOR THE FUTURE,97.0,74.0,76.3
140,661,EAST BROOKLYN COMMUNITY HIGH SCHOOL,90.0,27.0,30.0
141,665,EAST NEW YORK FAMILY ACADEMY,63.0,56.0,88.9
142,5,EAST SIDE COMMUNITY SCHOOL,89.0,80.0,89.9
143,535,EAST WILLIAMSBURG SCHOLARS ACADEMY,140.0,75.0,53.6
144,791,EASTWEST SCHOOL OF INTERNATIONAL STUDIES,86.0,80.0,93.0
145,943,EBC HIGH SCHOOL FOR PUBLIC SERVICE  BUSHWICK,121.0,81.0,66.9
146,178,EDWARD A REYNOLDS WEST SIDE HIGH SCHOOL,185.0,33.0,17.8
147,711,EDWARD R MURROW HIGH SCHOOL,909.0,680.0,74.8
148,553,EL PUENTE ACADEMY FOR PEACE AND JUSTICE,57.0,32.0,56.1
149,74,ELEANOR ROOSEVELT HIGH SCHOOL,147.0,145.0,98.6
150,56,EMMA LAZARUS HIGH SCHOOL,97.0,44.0,45.4
151,898,ENERGY TECH HIGH SCHOOL,101.0,90.0,89.1
152,392,ENGLISH LANGUAGE LEARNERS AND INTERNATIONAL SUPPOR,104.0,22.0,21.2
153,833,EPIC HIGH SCHOOL  NORTH,3.0,,
154,186,ESPERANZA PREPARATORY ACADEMY,80.0,58.0,72.5
155,29,ESSEX STREET ACADEMY,80.0,66.0,82.5
156,882,EXCELSIOR PREPARATORY HIGH SCHOOL,125.0,99.0,79.2
157,324,EXIMIUS COLLEGE PREPARATORY ACADEMY: A COLLEGE BOA,105.0,89.0,84.8
158,717,EXPEDITIONARY LEARNING SCHOOL FOR COMMUNITY LEADER,69.0,57.0,82.6
159,460,EXPLORATIONS ACADEMY HS,79.0,52.0,65.8
160,38,FACING HISTORY SCHOOL THE,83.0,55.0,66.3
161,487,FANNIE LOU HAMER FREEDOM HIGH SCHOOL,109.0,72.0,66.1
162,667,FDNY  CAPTAIN VERNON A RICHARDS HIGH SCHOOL FOR FI,56.0,39.0,69.6
163,306,FELISA RINCON DE GAUTIER INSTITUTE FOR LAW AND PUB,80.0,29.0,36.3
164,172,FIORELLO H LAGUARDIA HIGH SCHOOL OF MUSIC & ART AN,643.0,618.0,96.1
165,797,FLUSHING HIGH SCHOOL,419.0,241.0,57.5
166,789,FLUSHING INTERNATIONAL HIGH SCHOOL,99.0,57.0,57.6
167,27,FOOD AND FINANCE HIGH SCHOOL,86.0,76.0,88.4
168,398,FORDHAM HIGH SCHOOL FOR THE ARTS,101.0,93.0,92.1
169,400,FORDHAM LEADERSHIP ACADEMY,66.0,43.0,65.2
170,259,FOREIGN LANGUAGE ACADEMY OF GLOBAL STUDIES,4.0,,
171,860,FOREST HILLS HIGH SCHOOL,910.0,750.0,82.4
172,7,FORSYTH SATELLITE ACADEMY,94.0,14.0,14.9
173,695,FORT HAMILTON HIGH SCHOOL,1094.0,770.0,70.4
174,527,FOUNDATIONS ACADEMY,5.0,0.0,0.0
175,551,FRANCES PERKINS ACADEMY,29.0,21.0,72.4
176,809,FRANCIS LEWIS HIGH SCHOOL,1015.0,847.0,83.4
177,169,FRANK MCCOURT HIGH SCHOOL,87.0,83.0,95.4
178,908,FRANK SINATRA SCHOOL OF THE ARTS HS,235.0,216.0,91.9
179,697,FRANKLIN DELANO ROOSEVELT HIGH SCHOOL,737.0,452.0,61.3
180,212,FREDERICK DOUGLASS ACADEMY,273.0,207.0,75.8
181,184,FREDERICK DOUGLASS ACADEMY II SECONDARY SCHOOL,76.0,52.0,68.4
182,356,FREDERICK DOUGLASS ACADEMY III SECONDARY SCHOOL,104.0,65.0,62.5
183,583,FREDERICK DOUGLASS ACADEMY IV SECONDARY SCHOOL,22.0,13.0,59.1
184,817,FREDERICK DOUGLASS ACADEMY VI HIGH SCHOOL,92.0,38.0,41.3
185,739,FREDERICK DOUGLASS ACADEMY VII HIGH SCHOOL,82.0,54.0,65.9
186,920,GAYNOR MCCOWN EXPEDITIONARY LEARNING SCHOOL,104.0,95.0,91.3
187,884,GEORGE WASHINGTON CARVER HIGH SCHOOL FOR THE SCIEN,132.0,102.0,77.3
188,517,GEORGE WESTINGHOUSE CAREER AND TECHNICAL EDUCATION,112.0,80.0,71.4
189,304,GOTHAM COLLABORATIVE HIGH SCHOOL,63.0,39.0,61.9
190,589,GOTHAM PROFESSIONAL ARTS ACADEMY,43.0,19.0,44.2
191,48,GRAMERCY ARTS HIGH SCHOOL,128.0,99.0,77.3
192,236,GREGORIO LUPERON HIGH SCHOOL FOR SCIENCE AND MATHE,132.0,79.0,59.8
193,765,GROVER CLEVELAND HIGH SCHOOL,413.0,242.0,58.6
194,202,HARLEM RENAISSANCE HIGH SCHOOL,95.0,7.0,7.4
195,440,HARRY S TRUMAN HIGH SCHOOL,509.0,377.0,74.1
196,118,HARVEST COLLEGIATE HIGH SCHOOL,96.0,83.0,86.5
197,144,HARVEY MILK HIGH SCHOOL,29.0,4.0,13.8
198,274,HEALTH OPPORTUNITIES HIGH SCHOOL,142.0,70.0,49.3
199,300,HERBERT H LEHMAN HIGH SCHOOL,243.0,136.0,56.0
200,198,HERITAGE SCHOOL THE,66.0,42.0,63.6
201,242,HERO HIGH HEALTH EDUCATION AND RESEARCH OCCUPATION,109.0,67.0,61.5
202,771,HIGH SCHOOL FOR ARTS AND BUSINESS,182.0,163.0,89.6
203,669,HIGH SCHOOL FOR CIVIL RIGHTS,85.0,47.0,55.3
204,853,HIGH SCHOOL FOR COMMUNITY LEADERSHIP,96.0,87.0,90.6
205,843,HIGH SCHOOL FOR CONSTRUCTION TRADES ENGINEERING AN,231.0,226.0,97.8
206,452,HIGH SCHOOL FOR CONTEMPORARY ARTS,133.0,94.0,70.7
207,126,HIGH SCHOOL FOR DUAL LANGUAGE AND ASIAN STUDIES,97.0,97.0,100.0
208,418,HIGH SCHOOL FOR ENERGY AND TECHNOLOGY,91.0,56.0,61.5
209,60,HIGH SCHOOL FOR ENVIRONMENTAL STUDIES,296.0,227.0,76.7
210,224,HIGH SCHOOL FOR EXCELLENCE AND INNOVATION,57.0,17.0,29.8
211,232,HIGH SCHOOL FOR HEALTH CAREERS AND SCIENCES,106.0,61.0,57.5
212,80,HIGH SCHOOL FOR HEALTH PROFESSIONS AND HUMAN SERVI,373.0,328.0,87.9
213,649,HIGH SCHOOL FOR INNOVATION IN ADVERTISING AND MEDI,66.0,41.0,62.1
214,174,HIGH SCHOOL FOR LAW ADVOCACY AND COMMUNITY JUSTICE,109.0,76.0,69.7
215,230,HIGH SCHOOL FOR LAW AND PUBLIC SERVICE,127.0,90.0,70.9
216,872,HIGH SCHOOL FOR LAW ENFORCEMENT AND PUBLIC SAFETY,112.0,88.0,78.6
217,216,HIGH SCHOOL FOR MATHEMATICS SCIENCE AND ENGINEERIN,106.0,104.0,98.1
218,228,HIGH SCHOOL FOR MEDIA AND COMMUNICATIONS,106.0,49.0,46.2
219,653,HIGH SCHOOL FOR MEDICAL PROFESSIONS,99.0,87.0,87.9
220,619,HIGH SCHOOL FOR PUBLIC SERVICE: HEROES OF TOMORROW,93.0,88.0,94.6
221,615,HIGH SCHOOL FOR SERVICE & LEARNING AT ERASMUS,82.0,68.0,82.9
222,394,HIGH SCHOOL FOR TEACHING AND THE PROFESSIONS,112.0,88.0,78.6
223,360,HIGH SCHOOL FOR VIOLIN AND DANCE,76.0,50.0,65.8
224,613,HIGH SCHOOL FOR YOUTH AND COMMUNITY DEVELOPMENT AT,97.0,70.0,72.2
225,134,HIGH SCHOOL M560  CITY AS SCHOOL,278.0,87.0,31.3
226,420,HIGH SCHOOL OF AMERICAN STUDIES AT LEHMAN COLLEGE,75.0,74.0,98.7
227,755,HIGH SCHOOL OF APPLIED COMMUNICATION,81.0,65.0,80.2
228,176,HIGH SCHOOL OF ARTS AND TECHNOLOGY,131.0,92.0,70.2
229,430,HIGH SCHOOL OF COMPUTERS AND TECHNOLOGY,114.0,65.0,57.0
230,102,HIGH SCHOOL OF ECONOMICS AND FINANCE,166.0,143.0,86.1
231,31,HIGH SCHOOL OF HOSPITALITY MANAGEMENT,85.0,50.0,58.8
232,444,HIGH SCHOOL OF LANGUAGE AND INNOVATION,78.0,52.0,66.7
233,705,HIGH SCHOOL OF SPORTS MANAGEMENT,54.0,32.0,59.3
234,693,HIGH SCHOOL OF TELECOMMUNICATION ARTS AND TECHNOLO,310.0,268.0,86.5
235,485,HIGH SCHOOL OF WORLD CULTURES,78.0,30.0,38.5
236,862,HILLCREST HIGH SCHOOL,848.0,588.0,69.3
237,851,HILLSIDE ARTS & LETTERS ACADEMY,102.0,86.0,84.3
238,288,HOLCOMBE L RUCKER SCHOOL OF COMMUNITY RESEARCH,31.0,16.0,51.6
239,256,HOSTOSLINCOLN ACADEMY OF SCIENCE,86.0,66.0,76.7
240,90,HUDSON HIGH SCHOOL OF LEARNING TECHNOLOGIES,121.0,79.0,65.3
241,896,HUMANITIES & ARTS MAGNET HIGH SCHOOL,122.0,81.0,66.4
242,148,HUMANITIES PREPARATORY ACADEMY,53.0,38.0,71.7
243,124,INDEPENDENCE HIGH SCHOOL,118.0,21.0,17.8
244,910,INFORMATION TECHNOLOGY HIGH SCHOOL,198.0,159.0,80.3
245,165,INNOVATION DIPLOMA PLUS,87.0,8.0,9.2
246,62,INSTITUTE FOR COLLABORATIVE EDUCATION,60.0,49.0,81.7
247,876,INSTITUTE FOR HEALTH PROFESSIONS AT CAMBRIA HEIGHT,80.0,70.0,87.5
248,388,INTECH ACADEMY MS / HIGH SCHOOL 368,118.0,100.0,84.7
249,244,INTERNATIONAL COMMUNITY HIGH SCHOOL,108.0,66.0,61.1
250,769,INTERNATIONAL HIGH SCHOOL AT LAGUARDIA COMMUNITY C,116.0,91.0,78.4
251,605,INTERNATIONAL HIGH SCHOOL AT PROSPECT HEIGHTS,93.0,57.0,61.3
252,92,INTERNATIONAL HIGH SCHOOL AT UNION SQUARE,83.0,49.0,59.0
253,751,INTERNATIONAL HIGH SCHOOL FOR HEALTH SCIENCES,70.0,41.0,58.6
254,701,INTERNATIONAL HS AT LAFAYETTE,100.0,63.0,63.0
255,382,INTERNATIONAL SCHOOL FOR LIBERAL ARTS,95.0,66.0,69.5
256,635,IT TAKES A VILLAGE ACADEMY,166.0,148.0,89.2
257,112,JACQUELINE KENNEDY ONASSIS HIGH SCHOOL,154.0,90.0,58.4
258,858,JAMAICA GATEWAY TO THE SCIENCES,145.0,120.0,82.8
259,44,JAMES BALDWIN SCHOOL THE: A SCHOOL FOR EXPEDITIONA,114.0,42.0,36.8
260,727,JAMES MADISON HIGH SCHOOL,753.0,596.0,79.2
261,246,JILL CHAIFETZ TRANSFER HIGH SCHOOL,98.0,12.0,12.2
262,841,JOHN ADAMS HIGH SCHOOL,592.0,396.0,66.9
263,795,JOHN BOWNE HIGH SCHOOL,890.0,621.0,69.8
264,713,JOHN DEWEY HIGH SCHOOL,402.0,305.0,75.9
265,561,JOHN JAY SCHOOL FOR LAW,89.0,71.0,79.8
266,525,JUAN MOREL CAMPOS SECONDARY SCHOOL,97.0,63.0,64.9
267,573,KHALIL GIBRAN INTERNATIONAL ACADEMY,51.0,32.0,62.7
268,709,KINGSBOROUGH EARLY COLLEGE SCHOOL,80.0,76.0,95.0
269,376,KINGSBRIDGE INTERNATIONAL HIGH SCHOOL,100.0,54.0,54.0
270,390,KNOWLEDGE AND POWER PREPARATORY ACADEMY INTERNATIO,99.0,90.0,90.9
271,641,KURT HAHN EXPEDITIONARY LEARNING SCHOOL,70.0,58.0,82.9
272,78,LANDMARK HIGH SCHOOL,75.0,45.0,60.0
273,84,LEADERSHIP AND PUBLIC SERVICE HIGH SCHOOL,153.0,101.0,66.0
274,332,LEADERSHIP INSTITUTE,47.0,17.0,36.2
275,729,LEON M GOLDSTEIN HIGH SCHOOL FOR THE SCIENCES,271.0,255.0,94.1
276,723,LIBERATION DIPLOMA PLUS,74.0,11.0,14.9
277,130,LIBERTY HIGH SCHOOL ACADEMY FOR NEWCOMERS,95.0,28.0,29.5
278,715,LIFE ACADEMY HIGH SCHOOL FOR FILM AND MUSIC,63.0,56.0,88.9
279,154,LIFE SCIENCES SECONDARY SCHOOL,126.0,61.0,48.4
280,906,LONG ISLAND CITY HIGH SCHOOL,397.0,241.0,60.7
281,308,LONGWOOD PREPARATORY ACADEMY,52.0,24.0,46.2
282,11,LOWER EAST SIDE PREPARATORY HIGH SCHOOL,232.0,83.0,35.8
283,42,LOWER MANHATTAN ARTS ACADEMY,77.0,59.0,76.6
284,545,LYONS COMMUNITY SCHOOL,81.0,52.0,64.2
285,180,MANHATTAN / HUNTER SCIENCE HIGH SCHOOL,122.0,122.0,100.0
286,86,MANHATTAN ACADEMY FOR ARTS & LANGUAGE,66.0,33.0,50.0
287,120,MANHATTAN BRIDGES HIGH SCHOOL,123.0,100.0,81.3
288,52,MANHATTAN BUSINESS ACADEMY,104.0,88.0,84.6
289,190,MANHATTAN CENTER FOR SCIENCE AND MATHEMATICS,403.0,382.0,94.8
290,140,MANHATTAN COMPREHENSIVE NIGHT AND DAY HIGH SCHOOL,245.0,28.0,11.4
291,98,MANHATTAN INTERNATIONAL HIGH SCHOOL,72.0,52.0,72.2
292,94,MANHATTAN VILLAGE ACADEMY,89.0,86.0,96.6
293,410,MARBLE HILL HIGH SCHOOL FOR INTERNATIONAL STUDIES,104.0,93.0,89.4
294,9,MARTA VALLE HIGH SCHOOL,59.0,39.0,66.1
295,811,MARTIN VAN BUREN HIGH SCHOOL,328.0,206.0,62.8
296,775,MASPETH HIGH SCHOOL,258.0,252.0,97.7
297,894,MATHEMATICS SCIENCE RESEARCH AND TECHNOLOGY MAGNET,98.0,66.0,67.3
298,627,MEDGAR EVERS COLLEGE PREPARATORY SCHOOL,239.0,230.0,96.2
299,747,METROPOLITAN DIPLOMA PLUS HIGH SCHOOL,73.0,16.0,21.9
300,845,METROPOLITAN EXPEDITIONARY LEARNING SCHOOL,100.0,97.0,97.0
301,458,METROPOLITAN HIGH SCHOOL THE,91.0,41.0,45.1
302,767,MIDDLE COLLEGE HIGH SCHOOL AT LAGUARDIA COMMUNITY,109.0,72.0,66.1
303,725,MIDWOOD HIGH SCHOOL,931.0,818.0,87.9
304,284,MILLENNIUM ART ACADEMY,110.0,77.0,70.0
305,579,MILLENNIUM BROOKLYN HS,164.0,160.0,97.6
306,76,MILLENNIUM HIGH SCHOOL,142.0,141.0,99.3
307,491,MONROE ACADEMY FOR VISUAL ARTS & DESIGN,80.0,50.0,62.5
308,334,MORRIS ACADEMY FOR COLLABORATIVE STUDIES,99.0,69.0,69.7
309,326,MOTT HALL BRONX HIGH SCHOOL,103.0,81.0,78.6
310,204,MOTT HALL HIGH SCHOOL,94.0,60.0,63.8
311,456,MOTT HALL V,83.0,66.0,79.5
312,270,MOTT HAVEN COMMUNITY HIGH SCHOOL,102.0,14.0,13.7
313,252,MOTT HAVEN VILLAGE PREPARATORY HIGH SCHOOL,97.0,49.0,50.5
314,675,MULTICULTURAL HIGH SCHOOL,50.0,31.0,62.0
315,88,MURRAY HILL ACADEMY,64.0,51.0,79.7
316,110,MURRY BERGTRAUM HIGH SCHOOL FOR BUSINESS CAREERS,147.0,79.0,53.7
317,595,NELSON MANDELA HIGH SCHOOL,1.0,,
318,122,NEW DESIGN HIGH SCHOOL,71.0,65.0,91.5
319,342,NEW DIRECTIONS SECONDARY SCHOOL,4.0,,
320,924,NEW DORP HIGH SCHOOL,683.0,537.0,78.6
321,13,NEW EXPLORATIONS INTO SCIENCE TECHNOLOGY AND MATH,183.0,170.0,92.9
322,257,NEW EXPLORERS HIGH SCHOOL,87.0,40.0,46.0
323,691,NEW UTRECHT HIGH SCHOOL,852.0,658.0,77.2
324,446,NEW WORLD HIGH SCHOOL,82.0,69.0,84.1
325,912,NEWCOMERS HIGH SCHOOL,270.0,197.0,73.0
326,763,NEWTOWN HIGH SCHOOL,495.0,313.0,63.2
327,805,NORTH QUEENS COMMUNITY HIGH SCHOOL,95.0,8.0,8.4
328,50,NYC ISCHOOL,105.0,103.0,98.1
329,68,NYC LAB SCHOOL FOR COLLABORATIVE STUDIES,153.0,148.0,96.7
330,72,NYC MUSEUM SCHOOL,117.0,117.0,100.0
331,655,OLYMPUS ACADEMY,84.0,17.0,20.2
332,1,ORCHARD COLLEGIATE ACADEMY,36.0,24.0,66.7
333,733,ORIGINS HIGH SCHOOL,94.0,70.0,74.5
334,282,PABLO NERUDA ACADEMY,74.0,36.0,48.6
335,34,PACE HIGH SCHOOL,92.0,73.0,79.3
336,759,PAN AMERICAN INTERNATIONAL HIGH SCHOOL,98.0,83.0,84.7
337,471,PAN AMERICAN INTERNATIONAL HIGH SCHOOL AT MONROE,78.0,57.0,73.1
338,192,PARK EAST HIGH SCHOOL,112.0,107.0,95.5
339,565,PARK SLOPE COLLEGIATE,70.0,44.0,62.9
340,880,PATHWAYS COLLEGE PREPARATORY SCHOOL: A COLLEGE BOA,89.0,44.0,49.4
341,597,PATHWAYS IN TECHNOLOGY EARLY COLLEGE HIGH SCHOOL P,88.0,66.0,75.0
342,33,PEACE AND DIVERSITY ACADEMY,8.0,0.0,0.0
343,286,PELHAM LAB HIGH SCHOOL,113.0,76.0,67.3
344,450,PELHAM PREPARATORY ACADEMY,113.0,101.0,89.4
345,671,PERFORMING ARTS AND TECHNOLOGY HIGH SCHOOL,97.0,48.0,49.5
346,926,PORT RICHMOND HIGH SCHOOL,402.0,266.0,66.2
347,886,PREPARATORY ACADEMY FOR WRITERS: A COLLEGE BOARD S,87.0,76.0,87.4
348,735,PROFESSIONAL PATHWAYS HIGH SCHOOL,100.0,21.0,21.0
349,64,PROFESSIONAL PERFORMING ARTS HIGH SCHOOL,97.0,89.0,91.8
350,533,PROGRESS HIGH SCHOOL FOR PROFESSIONAL CAREERS,211.0,142.0,67.3
351,380,PROVIDING URBAN LEARNERS SUCCESS IN EDUCATION HIGH,134.0,11.0,8.2
352,801,QUEENS ACADEMY HIGH SCHOOL,165.0,12.0,7.3
353,849,QUEENS COLLEGIATE: A COLLEGE BOARD SCHOOL,100.0,88.0,88.0
354,866,QUEENS GATEWAY TO HEALTH SCIENCES SECONDARY SCHOOL,109.0,105.0,96.3
355,823,QUEENS HIGH SCHOOL FOR INFORMATION RESEARCH AND TE,101.0,80.0,79.2
356,785,QUEENS HIGH SCHOOL FOR LANGUAGE STUDIES,82.0,77.0,93.9
357,870,QUEENS HIGH SCHOOL FOR THE SCIENCES AT YORK COLLEG,116.0,116.0,100.0
358,815,QUEENS HIGH SCHOOL OF TEACHING LIBERAL ARTS AND TH,269.0,245.0,91.1
359,868,QUEENS METROPOLITAN HIGH SCHOOL,234.0,187.0,79.9
360,878,QUEENS PREPARATORY ACADEMY,113.0,76.0,67.3
361,855,QUEENS SATELLITE HIGH SCHOOL FOR OPPORTUNITY,69.0,1.0,1.4
362,787,QUEENS SCHOOL OF INQUIRY THE,77.0,71.0,92.2
363,777,QUEENS VOCATIONAL AND TECHNICAL HIGH SCHOOL,358.0,290.0,81.0
364,82,QUEST TO LEARN,78.0,64.0,82.1
365,703,RACHEL CARSON HIGH SCHOOL FOR COASTAL STUDIES,130.0,80.0,61.5
366,935,RALPH R MCKEE CAREER AND TECHNICAL EDUCATION HIGH,156.0,117.0,75.0
367,280,RENAISSANCE HIGH SCHOOL FOR MUSICAL THEATER & TECH,90.0,60.0,66.7
368,114,REPERTORY COMPANY HIGH SCHOOL FOR THEATRE ARTS,54.0,51.0,94.4
369,591,RESEARCH AND SERVICE HIGH SCHOOL,96.0,18.0,18.8
370,142,RICHARD R GREEN HIGH SCHOOL OF TEACHING,116.0,72.0,62.1
371,839,RICHMOND HILL HIGH SCHOOL,504.0,340.0,67.5
372,364,RIVERDALE / KINGSBRIDGE ACADEMY MIDDLE SCHOOL / HI,157.0,141.0,89.8
373,803,ROBERT F KENNEDY COMMUNITY HIGH SCHOOL,169.0,126.0,74.6
374,773,ROBERT F WAGNER JR SECONDARY SCHOOL FOR ARTS AND T,108.0,99.0,91.7
375,825,ROBERT H GODDARD HIGH SCHOOL OF COMMUNICATION ARTS,137.0,126.0,92.0
376,835,ROCKAWAY COLLEGIATE HIGH SCHOOL,71.0,45.0,63.4
377,831,ROCKAWAY PARK HIGH SCHOOL FOR ENVIRONMENTAL SUSTAI,68.0,48.0,70.6
378,138,SATELLITE ACADEMY HIGH SCHOOL,102.0,14.0,13.7
379,829,SCHOLARS' ACADEMY,121.0,121.0,100.0
380,611,SCHOOL FOR DEMOCRACY AND LEADERSHIP,55.0,27.0,49.1
381,348,SCHOOL FOR EXCELLENCE,95.0,49.0,51.6
382,609,SCHOOL FOR HUMAN RIGHTS THE,59.0,41.0,69.5
383,314,SCHOOL FOR TOURISM AND HOSPITALITY,73.0,39.0,53.4
384,70,SCHOOL OF THE FUTURE HIGH SCHOOL,100.0,98.0,98.0
385,290,SCHUYLERVILLE PREPARATORY HIGH SCHOOL,69.0,43.0,62.3
386,499,SCIENCE SKILLS CENTER HIGH SCHOOL FOR SCIENCE TECH,116.0,86.0,74.1
387,617,SCIENCE TECHNOLOGY AND RESEARCH EARLY COLLEGE HIGH,85.0,83.0,97.6
388,563,SECONDARY SCHOOL FOR JOURNALISM,52.0,32.0,61.5
389,238,SOUTH BRONX PREPARATORY: A COLLEGE BOARD SCHOOL,78.0,72.0,92.3
390,581,SOUTH BROOKLYN COMMUNITY HIGH SCHOOL,76.0,5.0,6.6
391,182,SPECIAL MUSIC SCHOOL,51.0,50.0,98.0
392,937,STATEN ISLAND TECHNICAL HIGH SCHOOL,326.0,324.0,99.4
393,23,STEPHEN T MATHER BUILDING ARTS & CRAFTSMANSHIP HIG,75.0,62.0,82.7
394,100,STUYVESANT HIGH SCHOOL,835.0,804.0,96.3
395,577,SUNSET PARK HIGH SCHOOL,267.0,205.0,76.8
396,932,SUSAN E WAGNER HIGH SCHOOL,850.0,714.0,84.0
397,108,TALENT UNLIMITED HIGH SCHOOL,126.0,122.0,96.8
398,749,TEACHERS PREPARATORY HIGH SCHOOL,65.0,42.0,64.6
399,947,THE ACADEMY OF URBAN PLANNING AND ENGINEERING,52.0,42.0,80.8
400,567,THE BOERUM HILL SCHOOL FOR INTERNATIONAL STUDIES,76.0,57.0,75.0
401,448,THE BRONXWOOD PREPARATORY ACADEMY,104.0,62.0,59.6
402,593,THE BROOKLYN ACADEMY OF GLOBAL FINANCE,35.0,23.0,65.7
403,939,THE BROOKLYN SCHOOL FOR MATH AND RESEARCH,66.0,58.0,87.9
404,945,THE BROOKLYN SCHOOL FOR SOCIAL JUSTICE,104.0,65.0,62.5
405,475,THE CINEMA SCHOOL,68.0,59.0,86.8
406,226,THE COLLEGE ACADEMY,101.0,51.0,50.5
407,163,THE GLOBAL LEARNING COLLABORATIVE,105.0,73.0,69.5
408,537,THE HIGH SCHOOL FOR ENTERPRISE BUSINESS AND TECHNO,224.0,155.0,69.2
409,607,THE HIGH SCHOOL FOR GLOBAL CITIZENSHIP,59.0,32.0,54.2
410,58,THE HIGH SCHOOL FOR LANGUAGE AND DIPLOMACY,100.0,80.0,80.0
411,146,THE HIGH SCHOOL OF FASHION INDUSTRIES,386.0,344.0,89.1
412,240,THE LABORATORY SCHOOL OF FINANCE AND TECHNOLOGY: X,90.0,73.0,81.1
413,370,THE MARIE CURIE SCHOOL FOR MEDICINE NURSING AND HE,127.0,70.0,55.1
414,157,THE MAXINE GREENE HS FOR IMAGINATIVE INQUIRY,106.0,71.0,67.0
415,483,THE METROPOLITAN SOUNDVIEW HIGH SCHOOL,111.0,67.0,60.4
416,922,THE MICHAEL J PETRIDES SCHOOL,119.0,106.0,89.1
417,687,THE SCHOOL FOR CLASSICS: AN ACADEMY OF THINKERS WR,63.0,40.0,63.5
418,268,THE URBAN ASSEMBLY BRONX ACADEMY OF LETTERS,73.0,58.0,79.5
419,689,THE URBAN ASSEMBLY SCHOOL FOR COLLABORATIVE HEALTH,3.0,,
420,21,THE URBAN ASSEMBLY SCHOOL FOR EMERGENCY MANAGEMENT,91.0,61.0,67.0
421,200,THE URBAN ASSEMBLY SCHOOL FOR GLOBAL COMMERCE,64.0,43.0,67.2
422,161,THE URBAN ASSEMBLY SCHOOL FOR GREEN CAREERS,87.0,69.0,79.3
423,505,THE URBAN ASSEMBLY SCHOOL FOR LAW AND JUSTICE,110.0,99.0,90.0
424,531,THE WILLIAMSBURG HIGH SCHOOL OF ART AND TECHNOLOGY,56.0,34.0,60.7
425,368,THEATRE ARTS PRODUCTION COMPANY SCHOOL,70.0,51.0,72.9
426,864,THOMAS A EDISON CAREER AND TECHNICAL EDUCATION HIG,499.0,431.0,86.4
427,214,THURGOOD MARSHALL ACADEMY FOR LEARNING AND SOCIAL,101.0,82.0,81.2
428,930,TOTTENVILLE HIGH SCHOOL,1029.0,897.0,87.2
429,799,TOWNSEND HARRIS HIGH SCHOOL,261.0,259.0,99.2
430,677,TRANSIT TECH CAREER AND TECHNICAL EDUCATION HIGH S,210.0,134.0,63.8
431,116,UNION SQUARE ACADEMY FOR HEALTH SCIENCES,91.0,70.0,76.9
432,104,UNITY CENTER FOR URBAN TECHNOLOGIES,73.0,56.0,76.7
433,254,UNIVERSITY HEIGHTS SECONDARY SCHOOL,121.0,119.0,98.3
434,3,UNIVERSITY NEIGHBORHOOD HIGH SCHOOL,78.0,70.0,89.7
435,136,URBAN ACADEMY LABORATORY HIGH SCHOOL,41.0,20.0,48.8
436,659,URBAN ACTION ACADEMY,87.0,43.0,49.4
437,40,URBAN ASSEMBLY ACADEMY OF GOVERNMENT AND LAW THE,67.0,52.0,77.6
438,106,URBAN ASSEMBLY GATEWAY SCHOOL FOR TECHNOLOGY,110.0,91.0,82.7
439,509,URBAN ASSEMBLY INSTITUTE OF MATH AND SCIENCE FOR Y,69.0,53.0,76.8
440,25,URBAN ASSEMBLY MAKER ACADEMY,1.0,,
441,132,URBAN ASSEMBLY NEW YORK HARBOR SCHOOL,84.0,65.0,77.4
442,322,URBAN ASSEMBLY SCHOOL FOR APPLIED MATH AND SCIENCE,95.0,81.0,85.3
443,699,URBAN ASSEMBLY SCHOOL FOR CRIMINAL JUSTICE,85.0,79.0,92.9
444,159,URBAN ASSEMBLY SCHOOL FOR MEDIA STUDIES THE,96.0,74.0,77.1
445,495,URBAN ASSEMBLY SCHOOL FOR MUSIC AND ART,49.0,37.0,75.5
446,210,URBAN ASSEMBLY SCHOOL FOR THE PERFORMING ARTS,70.0,50.0,71.4
447,469,URBAN ASSEMBLY SCHOOL FOR WILDLIFE CONSERVATION,94.0,64.0,68.1
448,46,URBAN ASSEMBLY SCHOOL OF BUSINESS FOR YOUNG WOMEN,52.0,37.0,71.2
449,36,URBAN ASSEMBLY SCHOOL OF DESIGN AND CONSTRUCTION T,92.0,53.0,57.6
450,330,VALIDUS PREPARATORY ACADEMY,97.0,54.0,55.7
451,96,VANGUARD HIGH SCHOOL,105.0,76.0,72.4
452,783,VERITAS ACADEMY,136.0,104.0,76.5
453,643,VICTORY COLLEGIATE HIGH SCHOOL,64.0,46.0,71.9
454,819,VOYAGES PREP  SOUTH QUEENS,111.0,25.0,22.5
455,781,VOYAGES PREPARATORY,106.0,14.0,13.2
456,685,W H MAXWELL CAREER AND TECHNICAL EDUCATION HIGH SC,136.0,85.0,62.5
457,167,WADLEIGH SECONDARY SCHOOL FOR THE PERFORMING & VIS,80.0,58.0,72.5
458,222,WASHINGTON HEIGHTS EXPEDITIONARY LEARNING SCHOOL,97.0,70.0,72.2
459,603,WEB DUBOIS ACADEMIC HIGH SCHOOL,55.0,4.0,7.3
460,372,WEST BRONX ACADEMY FOR THE FUTURE,63.0,54.0,85.7
461,571,WEST BROOKLYN COMMUNITY HIGH SCHOOL,97.0,9.0,9.3
462,312,WESTCHESTER SQUARE ACADEMY,150.0,107.0,71.3
463,904,WILLIAM CULLEN BRYANT HIGH SCHOOL,629.0,448.0,71.2
464,719,WILLIAM E GRADY CAREER AND TECHNICAL EDUCATION HIG,123.0,83.0,67.5
465,541,WILLIAMSBURG HIGH SCHOOL FOR ARCHITECTURE AND DESI,130.0,124.0,95.4
466,543,WILLIAMSBURG PREPARATORY SCHOOL,168.0,158.0,94.0
467,489,WINGS ACADEMY,107.0,50.0,46.7
468,278,WOMEN'S ACADEMY OF EXCELLENCE,67.0,45.0,67.2
469,673,WORLD ACADEMY FOR TOTAL COMMUNITY HEALTH HIGH SCHO,66.0,40.0,60.6
470,793,WORLD JOURNALISM PREPARATORY: A COLLEGE BOARD SCHO,89.0,86.0,96.6
471,386,WORLD VIEW HIGH SCHOOL,70.0,60.0,85.7
472,847,YORK EARLY COLLEGE ACADEMY,81.0,79.0,97.5
473,196,YOUNG WOMEN'S LEADERSHIP SCHOOL,82.0,82.0,100.0
474,900,YOUNG WOMEN'S LEADERSHIP SCHOOL ASTORIA,81.0,77.0,95.1
475,549,YOUNG WOMEN'S LEADERSHIP SCHOOL OF BROOKLYN,52.0,52.0,100.0
476,874,YOUNG WOMEN'S LEADERSHIP SCHOOL QUEENS,84.0,80.0,95.2
